Best Time , Frames 
26.56296,24
25.34212,24
25.10254,24
24.72169,24
25.03912,24
25.01732,24
24.92964,24
