Best Time , Frames 
29.88911,2
35.82624,32
35.27648,29
33.62068,31
35.77587,31
34.58807,33
34.54363,33
36.69752,32
