Best Time , Frames 
25.52205,2
26.1922,24
25.40373,24
